city_slug,listings,median_asking_price,median_price_per_sqm,mean_price_per_sqm,median_building_size_sqm,median_rooms
tehran,91836,6750000000.0,83333333.33333333,96383082.24554422,85.0,2.0
mashhad,33624,3100000000.0,30200000.0,33690986.63358116,110.0,2.0
karaj,26725,3150000000.0,32926829.268292684,37212495.82843842,100.0,2.0
isfahan,18571,4000000000.0,35000000.0,40542218.15119725,125.0,2.0
shiraz,16949,4600000000.0,37058823.52941176,40856765.15404345,138.0,2.0
tabriz,15305,2600000000.0,28333333.333333332,31596252.312802427,109.0,2.0
andisheh-new-town,15154,1680000000.0,29533066.860465117,31839359.540920056,60.0,2.0
ahvaz,11120,2650000000.0,25714285.714285713,29176367.2590941,110.0,2.0
rasht,9202,2650000000.0,27777777.777777776,32207275.073513873,100.0,2.0
qom,8130,2975000000.0,26470588.23529412,29712740.524071284,119.5,2.0
kermanshah,7886,3000000000.0,27380952.38095238,29594612.47486537,120.0,2.0
pardis-city,7801,2750000000.0,29523809.523809522,31198383.4961087,88.0,2.0
chamestan,7404,1600000000.0,10909090.909090908,13020124.159367561,150.0,2.0
urmia,6779,3000000000.0,22807017.54385965,24527250.90231899,160.0,2.0
nur,6755,1600000000.0,10000000.0,12802209.946803508,170.0,3.0
parand-city,5533,1200000000.0,15733333.333333334,17606909.110105783,82.0,2.0
bandar-abbas,5254,3000000000.0,34827380.952380955,33923385.83412039,99.0,2.0
arak,5203,3100000000.0,33513513.513513513,33865682.4410481,113.0,2.0
kerman,5041,2500000000.0,21111111.111111112,22613066.196269065,151.0,2.0
ardabil,4579,2600000000.0,25000000.0,27211401.71807688,120.0,2.0
hashtgerd-city,4515,1380000000.0,15277777.777777778,19056085.355080415,88.0,2.0
hamedan,4403,3000000000.0,34027777.777777776,35732510.48588047,103.0,2.0
mahmudabad,4202,2200000000.0,16666666.666666666,19146198.82260154,145.0,2.0
eslamshahr,4151,2550000000.0,32352941.17647059,34188551.70094873,81.0,2.0
gorgan,4015,2700000000.0,24806201.5503876,28059504.516933993,120.0,2.0
qazvin,3825,2700000000.0,29230769.230769232,33701407.940778166,107.0,2.0
zanjan,3802,2500000000.0,26956521.739130434,28701007.925546028,113.0,2.0
yazd,3710,3038000000.0,20743212.14910262,24246142.35325724,180.0,2.0
zahedan,3641,1730000000.0,15242718.446601942,15705901.690419087,144.0,2.0
nowshahr,3583,6400000000.0,31818181.818181816,35505332.92263652,230.0,3.0
fardis-city,3578,2550000000.0,31023570.493234396,32437952.21078186,86.0,2.0
khorramabad,3523,2400000000.0,21153846.153846152,23360416.09429834,120.0,2.0
shahriar-city,3376,3000000000.0,32000000.0,35295695.18560153,120.0,2.0
sanandaj,3152,1550000000.0,16666666.666666666,19581504.22453756,107.0,2.0
sadra,2775,2900000000.0,22916666.666666668,23282315.856470283,125.0,2.0
bushehr,2574,2500000000.0,22928921.568627454,26205868.014691453,135.0,2.0
neyshabur,2492,1707250000.0,16958646.616541356,18686226.496727515,120.0,2.0
dezful,2384,2650000000.0,24602774.27490542,24059405.916415498,130.0,2.0
amol,2318,2000000000.0,15191142.19114219,17634908.762583848,140.0,2.0
kashan,2281,1800000000.0,15882352.94117647,17737015.220436465,130.0,2.0
lahijan,2263,3400000000.0,35119047.61904762,34853085.194572575,120.0,2.0
bojnurd,2238,2350000000.0,21250000.0,22037187.822453015,120.0,2.0
qods-city,2144,2450000000.0,30000000.0,32509665.348054923,80.0,2.0
shahin-shahr,2105,2765000000.0,27692307.692307692,27731816.06679216,109.0,2.0
saveh,2073,2000000000.0,21000000.0,20464734.307754092,107.0,2.0
yasuj,2037,1400000000.0,6500000.0,10996594.150089214,200.0,2.0
pakdasht-city,2034,1650000000.0,19230769.230769232,20926153.045583334,90.0,2.0
najafabad,2006,2300000000.0,16500000.0,19430320.655894436,155.0,2.0
borujerd,1989,2030000000.0,19157088.120689657,21009800.168360226,120.0,2.0
bandar-anzali,1958,3300000000.0,32500000.0,34435423.85700376,110.0,2.0
damavand,1889,3000000000.0,22117647.05882353,31365858.769168932,200.0,2.0
sorkhrood,1816,3800000000.0,26666666.666666668,33996033.324156806,147.0,2.0
kish,1762,8860000000.0,100000000.0,119490229.43598443,85.0,2.0
tonekabon,1746,3800000000.0,31578947.36842105,30790314.678823046,162.5,2.0
robat-karim,1661,1600000000.0,17066666.666666668,18088902.33242455,100.0,2.0
semnan,1628,2189000000.0,22337184.87394958,23712406.324766908,100.0,2.0
ilam,1584,1900000000.0,17058823.529411763,17939948.881998274,130.0,2.0
golbahar-city,1568,1111111111.0,13125000.0,14519819.633412877,82.0,2.0
abadan,1566,1350000000.0,13116554.054054055,14071307.832558637,120.0,2.0
birjand,1469,1500000000.0,15294117.647058824,15845591.758379454,135.0,2.0
qarchak-city,1448,1800000000.0,25027472.527472526,26595524.512236863,77.0,1.0
varamin-city,1446,2000000000.0,20833333.333333332,23861896.804037143,100.0,2.0
sirjan,1373,1800000000.0,14418604.65116279,18266852.072244503,200.0,2.0
babolsar,1260,3300000000.0,30434782.608695652,40715715.51065309,112.0,2.0
sabzevar,1252,1600000000.0,16292857.142857142,17020901.476129748,120.0,2.0
shahrekord,1178,2000000000.0,16816114.359974008,19621839.49008382,150.0,2.0
rudehen,1130,3780000000.0,28915830.54626533,34202355.286987446,150.0,2.0
sari,1123,2300000000.0,20769230.769230768,21140607.321561147,130.0,2.0
mahdasht-city,1111,1460000000.0,12000000.0,18048807.83684886,95.0,2.0
qaem-shahr,1067,2000000000.0,16216216.216216216,16815293.23088788,150.0,2.0
mohammad-shahr,1065,2000000000.0,20000000.0,25844004.062481835,100.0,2.0
dorud,1058,1500000000.0,13299731.1827957,14114780.597971909,125.0,2.0
izadshahr,1055,2200000000.0,14333333.333333334,31716103.774047147,160.0,3.0
chalus,1044,3250000000.0,19411764.70588235,26723413.40333972,160.0,2.0
rafsanjan,1042,1200000000.0,5566622.399291722,9196434.935353467,240.0,2.0
ramsar,1036,5000000000.0,24000000.0,33547508.56005042,220.0,3.0
mohammadieh,1027,1290000000.0,16025641.025641026,19704944.736326218,85.0,2.0
nasimshahr,1011,1820000000.0,23166666.666666668,27076679.074962445,80.0,2.0
shahrud,997,1950000000.0,17934782.608695652,18550426.678144302,120.0,2.0
zibakenar,975,2900000000.0,27368421.05263158,25577194.69452194,110.0,2.0
someh-sara,946,2200000000.0,21857040.229885057,20745433.230482705,113.0,2.0
gonbad-kavus,941,2150000000.0,20000000.0,20530121.484325975,120.0,2.0
golestan-baharestan,927,1800000000.0,23214285.714285713,26391134.18040658,84.0,2.0
malayer,919,2050000000.0,22352941.17647059,23734288.41097382,110.0,2.0
sahand,889,1300000000.0,17391304.347826086,17986842.210490894,78.0,2.0
mahshahr,858,2300000000.0,21380952.38095238,26262790.50604173,107.0,2.0
nazarabad,853,1400000000.0,13333333.333333334,15181964.914454514,110.0,2.0
foolad-shahr,845,1310000000.0,14705882.352941176,17150972.474954125,90.0,2.0
langarud,830,2250000000.0,27616632.860040568,26376528.962037843,100.0,2.0
charbagh-alborz,821,3000000000.0,13125000.0,26861208.52627294,170.0,2.0
fuman,817,2000000000.0,8888888.888888888,20010690.682638764,170.0,2.0
bumehen,802,2200000000.0,26394444.444444444,29162705.396370627,85.0,2.0
marvdasht-city,795,1800000000.0,13500000.0,15736626.04412728,180.0,2.0
garmdareh,783,4200000000.0,43181818.18181818,42353385.850914896,97.0,2.0
abhar,761,1800000000.0,20000000.0,19114138.365417846,113.0,2.0
talesh,756,2250000000.0,16666666.666666666,19488168.02715312,154.0,2.0
babol,755,2400000000.0,23571428.57142857,23145337.029311795,120.0,2.0
astaneh-ashrafiyeh,751,2000000000.0,22000000.0,21587118.0444168,120.0,2.0
zabol,735,670000000.0,3666666.6666666665,7212661.372123791,186.0,2.0
shushtar,709,1299000000.0,12727272.727272727,14542401.978627346,120.0,2.0
safadasht-industrial-city,704,1400000000.0,15497076.023391813,18775290.56261158,99.0,2.0
rudsar,696,2350000000.0,23121794.871794872,23021643.189196583,130.5,2.0
behbahan,690,1700000000.0,14044943.82022472,15933019.06763051,150.0,2.0
qeshm,690,2000000000.0,18336046.511627905,22752026.362222504,130.0,2.0
chabahar,683,2300000000.0,18947368.42105263,20094305.436309993,150.0,2.0
kahrizak,677,2310000000.0,30500000.0,30643050.510542996,78.0,2.0
borazjan,676,1000000000.0,7133072.40704501,11411940.738811744,200.0,2.0
salman-shahr,676,9000000000.0,50000000.0,53307923.17594157,220.0,2.0
andimeshk,664,1328000000.0,13867521.366826922,14960551.827241993,120.0,2.0
royan,661,3500000000.0,20000000.0,25521985.79869621,200.0,3.0
khorramshahr,653,1300000000.0,10000000.0,13511862.719890019,148.0,2.0
dogonbadan,647,1300000000.0,10800000.0,12426930.350389898,140.0,2.0
chaf-chamkhale,611,1400000000.0,5500000.0,15538132.512984224,190.0,2.0
bandar-kangan,609,1830000000.0,15000000.0,14274189.019627817,170.0,2.0
khoshkbijar,589,2600000000.0,21428571.42857143,21528707.955324035,125.0,2.0
marand,585,1250000000.0,9326424.870466322,14677236.322319351,150.0,2.0
kouchesfahan,581,1750000000.0,17000000.0,18028496.387005363,150.0,2.0
pishva,573,1150000000.0,12881355.93220339,16698821.989546131,80.0,1.0
khoy,564,1500000000.0,11723958.333333332,15849418.134261264,143.0,2.0
marivan,547,900000000.0,8000000.0,12903859.984637786,120.0,2.0
sangar,531,2000000000.0,7380073.800738008,18686626.535166275,200.0,2.0
kelarestan,524,3900000000.0,14888468.013468014,24116264.746291105,240.0,3.0
shirvan,522,1350000000.0,12832417.582417581,11925687.457612593,130.0,2.0
masjed-e-soleyman,520,1015000000.0,7713709.677419355,10070447.584245747,135.0,2.0
bam,518,1000000000.0,4023809.523809524,11412670.155221254,250.0,2.0
torbat-heydariyeh,517,1300000000.0,11084337.34939759,13785351.138669828,120.0,2.0
astara,506,2500000000.0,18504962.779156327,21747527.69892613,150.0,2.0
Iranshahr,504,795000000.0,3333333.3333333335,7044980.778297782,221.0,3.0
izeh,498,1374000000.0,9000000.0,12987271.471096925,160.0,2.0
kiashahr,493,2500000000.0,20000000.0,20992204.806351256,150.0,2.0
bandar-ganaveh,489,1250000000.0,5814814.814814814,10756329.820330052,214.0,2.0
lashtenesha,486,2160000000.0,19500000.0,19300147.498583846,122.5,2.0
jiroft,483,1000000000.0,4040404.0404040404,11435726.593355544,250.0,2.0
alvand,478,1700000000.0,19661748.63387978,19937934.374502048,97.0,2.0
shush,475,1380000000.0,12000000.0,17533555.53038074,130.0,2.0
rezvanshahr,464,2300000000.0,15000000.0,19807010.133541193,200.0,2.0
saqqez,462,1500000000.0,14142857.142857142,16394254.18684382,147.0,2.0
bandar-Imam-khomeini,458,1650000000.0,16666666.666666666,17549764.539396305,113.5,2.0
ahar,453,1200000000.0,10461538.461538462,13639288.151452065,140.0,2.0
parsabad,449,980000000.0,10833333.333333334,15099050.516318997,105.0,2.0
siahkal,439,2150000000.0,9000000.0,18595765.364218317,200.0,2.0
shahre-rey,436,2503750000.0,32000000.0,37527983.38273673,80.0,2.0
khomam,434,2000000000.0,8464285.714285715,19084286.622624647,207.5,2.0
fereydunkenar,433,2500000000.0,24266666.666666668,32081891.20723167,120.0,2.0
maragheh,427,1450000000.0,13478260.869565217,15731156.857827265,138.0,2.0
masal,425,2490000000.0,12000000.0,19536690.20007693,210.0,2.0
kazeroon,417,2050000000.0,16666666.666666666,17238171.392399352,180.0,2.0
garmsar,415,1320000000.0,13333333.333333334,14509971.688345468,120.0,2.0
chenaran,409,888888888.0,8421052.631578946,10393523.75337127,125.0,2.0
eslamabad-gharb,404,1980000000.0,17386363.636363637,19403594.877120074,120.0,2.0
chahar-dangeh,403,2436000000.0,29861111.111111112,31586745.72168413,90.0,2.0
shandiz-city,401,1800000000.0,12000000.0,22360195.716101144,240.0,2.0
kuhdasht,398,1300000000.0,9250000.0,12882442.477585642,162.5,2.0
jahrom,391,1320000000.0,9090909.090909092,12840462.65456476,200.0,2.0
meshgin-shahr,388,1350000000.0,12076149.425287357,15733234.392206753,130.5,2.0
nahavand,387,1500000000.0,15909090.909090908,15675885.84289873,120.0,2.0
abyek,385,1700000000.0,17090909.09090909,18607907.899946842,110.0,2.0
lavasan-city,383,15000000000.0,61428571.428571425,92256071.52841292,267.0,3.0
zarand,380,875000000.0,3957213.1147540985,8067708.4484743485,222.5,2.0
ramhormoz,378,1140000000.0,7696153.846153846,10292497.252785375,150.0,2.0
saravan,374,680000000.0,3027777.777777778,7530048.8548136,200.0,2.0
absard,372,3225000000.0,8449000.0,26641004.62446968,250.0,2.0
takestan,369,1250000000.0,12153846.153846154,14172850.905309156,124.0,2.0
mianeh,369,1200000000.0,11333333.333333334,15350666.761339508,120.0,2.0
sabashahr,365,1900000000.0,17333333.333333332,21709597.246899437,102.0,2.0
minab,364,800000000.0,3486111.111111111,9312040.841076432,210.0,2.0
qorveh,362,1500000000.0,12886904.761904761,15947545.828982195,150.0,2.0
quchan,359,1350000000.0,12222222.222222222,12632984.06123142,125.0,2.0
jam,347,1700000000.0,10500000.0,13195299.82436242,180.0,2.0
damghan,346,1520000000.0,15500000.0,16366144.99247921,120.0,2.0
torbat-jam,345,750000000.0,7500000.0,8515977.575679319,130.0,2.0
shaft,344,1940000000.0,6000000.0,17225377.563370906,230.5,2.0
bukan,343,1150000000.0,9500000.0,12838942.871779945,120.0,2.0
esfarayen,342,1350000000.0,11031250.0,14089507.563397126,125.0,2.0
omidiyeh,334,1200000000.0,10645833.333333332,12011862.064760132,125.0,2.0
nashtarud,331,4050000000.0,20000000.0,28509344.33810076,220.0,2.0
fasa-city,330,1750000000.0,14129530.600118835,14912597.583434528,165.0,2.0
koohsar,329,4500000000.0,13617021.276595745,36880467.491427384,262.0,2.0
khomein,319,1500000000.0,11538461.538461538,15726025.788130514,153.0,2.0
khomeyni-shahr,315,2500000000.0,18333333.333333332,22230733.865457363,144.0,2.0
abbasabad-mazandaran,307,5500000000.0,23733333.333333332,37351027.07955241,200.0,2.0
falavarjan,301,2000000000.0,10810810.81081081,16274017.723674128,180.0,2.0
golpayegan,298,1722500000.0,15147058.823529411,17838897.8213682,137.5,2.0
boroujen,297,1900000000.0,16438356.164383562,19006417.914243896,150.0,2.0
firuzkooh,294,2000000000.0,17158333.333333336,19060198.73278269,117.5,2.0
miandoab,291,1400000000.0,10895522.388059702,14236359.03518939,145.0,2.0
norabad,281,1000000000.0,3882352.9411764704,8205948.683011848,241.0,2.0
dehdasht,280,875000000.0,4096774.193548387,8047787.422887438,200.0,2.0
maku,279,1400000000.0,8976744.186046511,14141473.491325434,168.0,2.0
azadshahr-golestan,279,1200000000.0,10320512.82051282,12008321.881476644,130.0,2.0
aran-va-bidgol,274,1300000000.0,10050520.05,12979262.581550058,150.0,2.0
ardakan,271,1750000000.0,10101010.1,14523594.952678038,200.0,2.0
aligudarz,270,1600000000.0,15000000.0,15695360.892209161,130.0,2.0
azna,267,1300000000.0,10869565.217391305,11756112.007134955,145.0,2.0
khash,263,320000000.0,1222222.2222222222,3562261.862870664,220.0,2.0
nurabad,250,1100000000.0,6298878.205128205,10376267.110513277,200.0,2.0
lordegan,242,1400000000.0,6152173.9130434785,11499784.501692485,210.5,2.0
tankaman,236,1650000000.0,4650000.0,17362237.361019835,300.0,2.0
Kordkuy,233,1550000000.0,13333333.333333334,14737063.693674574,145.0,2.0
amlash,233,2000000000.0,18500000.0,19225793.83494267,120.0,2.0
aliabad-katul,231,1500000000.0,11363636.363636363,12820243.624281174,151.0,2.0
khalkhal,227,1700000000.0,12000000.0,16391213.214776767,150.0,2.0
kelarabad,226,7662500000.0,30000000.0,45536280.52911956,250.0,3.0
abadeh,223,1500000000.0,8196721.31147541,12010801.578370273,200.0,2.0
meybod,219,1500000000.0,7500000.0,10232330.709165031,200.0,2.0
fasham-city,217,9800000000.0,60000000.0,83035417.87393264,160.0,2.0
sarein,217,2500000000.0,25000000.0,23918802.594562326,107.0,2.0
chaboksar,216,3675000000.0,18956521.739130437,26022866.994674396,205.0,2.0
kamyaran,214,1550000000.0,16531250.0,22514386.113322817,120.0,2.0
salmas,210,1450000000.0,9966887.417218544,12576679.30946404,150.0,2.0
tuyserkan,207,1500000000.0,15474452.554744525,16615657.791165225,140.0,2.0
susangerd,207,890000000.0,5384615.384615385,16933163.138250075,180.0,3.0
sarpol-zahab,202,1370000000.0,13231534.09090909,16653739.088568257,129.0,2.0
darab,202,1111111111.0,8298898.071625344,9792186.91854565,150.0,2.0
ferdosiye,202,1856500000.0,19478319.78319783,23755734.38308398,100.0,2.0
khorramdarreh,202,1650000000.0,14452798.663324978,16836527.820471518,154.5,2.0
emamzadeh-abdollah,200,1950000000.0,13568181.818181818,15160203.417073285,160.0,2.0
kangavar,197,1600000000.0,14000000.0,18771535.069904648,145.0,2.0
shirgah,196,2250000000.0,9282051.282051282,15476453.367936881,200.0,2.0
dehloran,196,750000000.0,6048780.4878048785,8949017.310272962,150.0,2.0
baft,196,1035000000.0,4069536.4238410597,9084386.903823072,222.0,2.0
asadabad,195,1600000000.0,17647058.82352941,18850441.71561035,120.0,2.0
kelachay,195,2600000000.0,18560606.060606062,21289024.76589294,150.0,2.0
taleqan,195,2800000000.0,8846153.846153846,20293544.380828448,280.0,2.0
firuzabad,193,1400000000.0,7909090.909090909,9772678.93012693,200.0,2.0
shadeghan,193,1020000000.0,6250000.0,21245221.327317037,180.0,3.0
kahnooj,191,490000000.0,1555555.5555555555,7802304.7548868945,275.0,2.0
kalale,191,1100000000.0,8450704.225352112,10982644.204324877,150.0,2.0
ghayen,189,1050000000.0,7294117.647058823,12289649.187396063,180.0,2.0
eshtehard,189,1200000000.0,13571428.57142857,13745264.341206634,100.0,2.0
vahidieh,186,2000000000.0,17928571.42857143,27880360.600366063,120.0,2.0
behshahr,182,1365000000.0,10151412.429378532,13248248.953812534,150.5,2.0
gonabad,179,1150000000.0,8000000.0,11079052.698230801,190.0,2.0
shahedshahr,179,1650000000.0,17000000.0,20892126.567359105,95.0,2.0
khoram-abad,177,3480000000.0,12142857.142857144,22766693.551179823,250.0,2.0
sonqor,172,1160000000.0,13672476.397966594,13460199.858893408,120.0,2.0
khormoj,170,745000000.0,4229629.62962963,6749355.149760374,211.0,2.0
eqbaliyeh,168,1325000000.0,13508771.92982456,14551608.391068121,120.0,1.0
qeydar,163,1300000000.0,7900000.0,14125395.214735204,200.0,2.0
eyvan,162,1200000000.0,7839506.172839506,10656286.730030071,170.0,2.0
azarshahr,161,1500000000.0,14285714.285714285,16581286.059121924,120.0,2.0
asalem,160,2400000000.0,8266666.666666666,19785486.703559976,200.0,2.0
mobarakeh,158,1500000000.0,11015873.015873015,13257001.621634403,160.0,2.0
mahabad,157,1250000000.0,11190476.19047619,13544546.756692598,120.0,2.0
zarghan,156,1267500000.0,13084853.291038858,13462912.368202807,110.0,2.0
marzan-abad,151,2000000000.0,7102272.7272727275,18182280.202995807,250.0,2.0
bijar,150,1400000000.0,10617554.858934168,13917953.474978643,137.5,2.0
minoodasht,150,1075000000.0,7337662.337662337,11089137.153495487,139.0,2.0
bonab,148,1025000000.0,7348484.848484849,11421194.60980137,167.5,2.0
ziraab,145,2100000000.0,8500000.0,14232510.278240958,200.0,2.0
taft,143,2500000000.0,10000000.0,18883097.584272686,250.0,2.0
pareh-sar,141,2500000000.0,8461538.461538462,17504785.85308995,250.0,2.0
javanrud,139,820000000.0,8750000.0,10471868.994773356,100.0,1.0
hachirud,139,6500000000.0,27272727.272727273,42631241.88167559,230.0,3.0
koumeleh,137,2300000000.0,14805825.242718447,20247920.66144734,190.0,2.0
bandar-torkaman,137,1350000000.0,10000000.0,12905508.24730515,150.0,2.0
katalem-sadatshahr,135,4500000000.0,20555555.555555556,27910894.988713365,240.0,2.0
mohajeran,134,1600000000.0,17785688.536409516,18923745.342379287,85.0,2.0
ashkhaneh,131,1300000000.0,9386740.331491712,12860420.991496569,153.0,2.0
bahar-city,130,1690000000.0,15443925.23364486,19173580.930720262,145.0,2.0
baneh,130,1100000000.0,10773809.523809524,13149983.217723092,120.0,2.0
neyriz,127,1780000000.0,12315270.93596059,19334868.74262718,188.0,2.0
aleshtar,127,1500000000.0,9750000.0,12325219.1314792,170.0,2.0
khansar,126,2560000000.0,18711764.705882356,19986063.88939146,172.5,2.0
torghabeh-city,126,2775000000.0,21974664.67958271,30420202.825206425,141.5,2.0
sarab,126,1500000000.0,12488505.747126438,14963485.041098889,177.5,2.0
dehgolan,124,990000000.0,6641038.35978836,10317912.199879207,150.0,2.0
daran,123,1450000000.0,7777777.777777778,11361332.783305904,190.0,2.0
baghershahr,123,2500000000.0,32000000.0,37331739.99814438,80.0,2.0
ahmadsar-gourab,122,1812500000.0,4060489.5104895104,11781338.154051373,381.0,2.0
lenjan,121,2000000000.0,9250000.0,22160377.42798561,200.0,2.0
dayyer,121,950000000.0,4166666.6666666665,6939400.722322615,200.0,3.0
raheem-abad,120,2300000000.0,21291666.666666664,23027709.200268842,130.0,2.0
mehriz,120,1425000000.0,5444444.444444444,14513318.717854692,200.0,2.0
sahneh,119,1600000000.0,12857142.857142856,19372373.578420196,150.0,2.0
lar,118,2127000000.0,12038011.695906432,15397141.79442584,200.0,2.0
aq-qala,117,1250000000.0,8666666.666666666,10932905.895125628,182.0,2.0
lamerd,115,900000000.0,4208754.208333333,10260189.638786744,236.0,2.0
mahalat,115,1700000000.0,20000000.0,22435124.769451097,96.0,2.0
bardsir,114,1050000000.0,4210526.315789473,10033405.657286089,247.5,2.0
javadabad,112,1200000000.0,5595458.758109361,17839872.18695477,146.5,1.0
abdanan,111,1000000000.0,6250000.0,8893389.928759452,167.0,2.0
neka,111,1400000000.0,5600000.0,10166805.463699665,189.0,2.0
ferdows,110,820000000.0,3453984.7427365687,6998839.916555292,201.0,2.0
shazand,109,1200000000.0,7272727.2727272725,14192419.605799614,180.0,1.0
naqadeh,108,1225000000.0,9750000.0,11239896.026131539,139.0,2.0
shahin-dej,108,1218224439.0,6637298.091042585,10540844.972347079,181.0,2.0
rostam-abad,106,2000000000.0,6000000.0,16600513.010698304,247.0,2.0
tabas,105,1100000000.0,4133333.3333333335,9792246.722155754,200.0,2.0
pirbazar,105,2800000000.0,10000000.0,27077735.91162902,200.0,2.0
pol-dokhtar,103,750000000.0,6595744.680851064,9636477.366778748,140.0,2.0
galikesh,102,750000000.0,4221594.120972301,7847691.901394115,167.5,2.0
asara,101,4500000000.0,21568627.45098039,45402284.10144579,200.0,2.0
roudbaneh,101,1700000000.0,4514170.04048583,11254173.051104987,300.0,2.0
abrisham-isfahan,100,2000000000.0,16035714.285714285,19180091.028487533,120.0,2.0
fazel-abad,98,1280000000.0,8352713.178294573,13683047.835468028,150.0,2.0
mahan,98,1600000000.0,5208333.333333333,14174503.111608759,228.5,2.0
toutkabon,96,2800000000.0,6205082.135523614,17627096.530768268,410.0,2.0
eqlid,94,1345000000.0,6595238.095238095,14081868.02457254,207.5,2.0
polsefid,94,1500000000.0,8856209.150326796,14720945.018559365,180.0,2.0
otaghvar,91,1700000000.0,6071428.571428572,13282843.928438053,212.0,2.0
farahabad,91,2000000000.0,14248704.663212435,15359115.231114142,196.0,2.0
tulam-shahr,89,2000000000.0,5500000.0,14931509.628568985,210.0,2.0
delijan,88,2000000000.0,20740963.855421685,21377181.636691622,100.0,2.0
germi,87,880000000.0,6159420.289855072,9813551.666237917,180.0,2.0
kilan,87,3000000000.0,10000000.0,31117431.3472376,302.0,2.0
shanderman,85,2400000000.0,8680851.063829787,14654605.371494094,260.0,2.0
kabudrahang,83,1300000000.0,12000000.0,14322893.479502598,160.0,2.0
galougah-babol,82,1500000000.0,5000000.0,11319151.70624008,200.0,2.0
molkabad,81,850000000.0,8750000.0,12202920.852488995,165.0,2.0
lisar,80,2500000000.0,6249382.716049382,19564727.81122803,233.0,2.0
shirud,78,4000000000.0,12000000.0,21874719.726812568,231.5,3.0
loulman,78,1620000000.0,4291666.666666666,16850804.97614897,217.5,2.0
ghamsar,76,2300000000.0,11237373.737373738,19033172.913488783,220.0,2.0
gourab-zarmikh,75,2500000000.0,5172413.793103448,16607425.238011602,250.0,2.0
harsin,73,1600000000.0,14705882.352941176,15230924.601332383,130.0,2.0
juybar,71,1250000000.0,12500000.0,13951087.865042645,125.0,2.0
taybad,70,690000000.0,4739377.470355731,8736128.25237402,135.0,2.0
mehran,68,805000000.0,5411253.115553906,8114025.325644217,180.0,2.0
marzikola,66,2100000000.0,6803964.757709252,17585217.362137735,200.0,2.0
shelman,65,2200000000.0,19402985.074626867,18857867.743906498,151.0,2.0
ramiyan,65,1100000000.0,4200000.0,8455347.721554914,240.0,2.0
bafq,64,980000000.0,5000000.0,8465362.693405736,190.0,2.0
ramshir,64,1535000000.0,9096695.557963163,14253483.439655935,150.0,2.0
namin,63,1850000000.0,15000000.0,15881770.431901898,141.0,2.0
hamidiyeh,63,800000000.0,5777777.777777778,22853072.60105499,205.0,2.0
dabudasht,63,1970000000.0,16296296.296296297,16510931.450390192,156.0,2.0
kiakola,62,1890000000.0,5308695.652173913,13461909.951692719,200.0,2.0
farrokhshahr,60,2000000000.0,12500000.0,14145089.927524626,178.5,2.0
bahnamir,60,2290000000.0,9500000.0,17945684.790391583,150.0,2.0
zahak,59,425000000.0,1500000.0,4315020.112695936,200.0,2.0
deylaman,59,1800000000.0,4047619.0476190476,15454208.37565689,339.0,2.0
hamidia,55,2400000000.0,14117647.05882353,16815500.474112466,150.0,2.0
semirom,53,1300000000.0,10233918.12865497,13536487.595898239,160.0,2.0
tahergurab,52,2000000000.0,4700000.0,16633772.45394915,280.0,2.0
bisotun,51,1400000000.0,6500000.0,11835539.815345382,165.0,2.0
aalasht,51,1400000000.0,6000000.0,11150362.128593553,192.0,2.0
kiasar,50,930000000.0,3000000.0,7330127.674780755,222.0,3.0
abali,49,4950000000.0,20000000.0,30471670.610854,225.0,2.0
hendijan,49,1000000000.0,10000000.0,17168006.29278931,140.0,2.0
pool,48,2100000000.0,5604066.60262568,15850496.270336607,333.5,2.0
khaf,47,1100000000.0,7500000.0,13617486.396590848,160.0,2.0
shemshak,47,8500000000.0,65853658.53658537,86006182.48286292,168.0,2.0
reyneh,47,3000000000.0,13000000.0,34649246.6034361,240.0,2.5
rudbar,47,1683000000.0,5000000.0,11896725.525531132,222.0,2.0
bandar-gaz,47,1750000000.0,16447368.421052631,26819286.688836,120.0,2.0
rankouh,46,2830000000.0,10000000.0,17571087.10809651,235.0,2.0
saman-city,45,1100000000.0,2500000.0,11795926.574027125,260.0,2.0
sisakht,45,1400000000.0,4200000.0,7075990.15278943,450.0,3.0
chamran-town,42,1975000000.0,15141666.666666668,26976736.55051757,120.0,2.0
ghorogh,40,1250000000.0,7007575.757575758,10204896.166719291,137.0,2.0
konarak,39,570000000.0,3428571.4285714286,4991021.646647596,200.0,2.0
gomishan,39,1800000000.0,18333333.333333332,13355662.655359289,110.0,2.0
khan-bin,39,900000000.0,5500000.0,9508216.010126216,200.0,2.0
shal,38,1212000000.0,4541666.666666667,10621487.079639507,158.5,2.0
kojur,37,1300000000.0,4000000.0,8167046.603133672,300.0,2.0
makloan,37,2900000000.0,9000000.0,28246450.35814715,330.0,2.0
sorkhan-kalateh,37,1200000000.0,4000000.0,8337928.748806997,285.0,2.0
manjil,37,1250000000.0,12162162.162162162,12561532.503486956,100.0,2.0
ziyabar,35,2500000000.0,7640750.670241287,19842150.83507349,298.0,2.0
bardaskan,34,875000000.0,6781250.0,8976072.901419647,155.0,2.0
piranshahr,34,829000000.0,8951219.512195121,12054819.092048869,109.5,1.5
lavandevil,34,1925000000.0,6833333.333333334,20364497.061850518,275.0,2.0
barah-sar,32,1490000000.0,4301282.051282051,12297971.110601828,288.5,2.0
akand,31,2000000000.0,6340057.636887608,23306021.619385593,290.0,2.0
khoshroud-pey,31,1500000000.0,6844106.463878327,10298465.214002952,198.0,2.0
sourek,31,935000000.0,4000000.0,6241050.186155382,230.0,2.0
takht,31,500000000.0,1233333.3333333333,5621613.165154029,300.0,2.0
paeen-holar,29,2400000000.0,5000000.0,33053852.00859303,220.0,2.0
amirkala,29,2200000000.0,24285714.285714287,21943783.457759157,114.0,2.0
baladeh,29,2000000000.0,6666666.666666667,18176624.736608468,180.0,2.0
hadi-shahr,29,1580000000.0,7181818.181818182,14969579.695140524,200.0,2.0
zargarshahr,28,2100000000.0,13500000.0,16390967.045600727,233.0,2.0
galugah-babol,28,1400000000.0,5500000.0,10354750.96794355,200.0,3.0
gahvareh,27,820000000.0,7303370.786516854,10615352.07857377,190.0,2.0
dalkhani,26,3825000000.0,13664874.551971326,26867563.28023501,250.0,2.0
farim,26,1137500000.0,4457692.307692308,9251422.187297206,300.0,3.0
mohr,25,455000000.0,1666666.6666666667,7043528.533376655,270.0,2.0
haviq,25,2100000000.0,7000000.0,21438501.68118544,200.0,2.0
gazanak,25,1600000000.0,7491467.576791809,20556734.365015894,200.0,2.0
loshan,24,1395000000.0,17125000.0,17640827.958418835,101.5,1.0
babakan,24,962500000.0,5588235.294117647,11507798.389636489,200.0,2.0
kouhi-kheyl,23,1630000000.0,7874396.1352657005,15357754.899496773,200.0,2.0
vajargah,22,2700000000.0,10172413.793103449,13342278.544142572,249.0,2.0
hormuz,22,1250000000.0,5258358.662613982,9050144.028359609,181.5,3.0
chobar,20,1900000000.0,9500000.0,27543389.800557226,252.0,2.0
sardasht,19,1250000000.0,10000000.0,12706293.53115275,140.0,1.0
jirandeh,19,2000000000.0,16923076.923076924,24957498.099105056,180.0,2.0
nodeh-khandoz,19,1300000000.0,14666666.666666666,16747970.524709033,150.0,2.0
dargahan,18,2275000000.0,14823529.411764706,20338436.050019637,203.5,2.5
jelin,16,800000000.0,4000000.0,5581352.645488298,132.5,1.0
rostamkola,15,695000000.0,3000000.0,6092791.037965026,200.0,2.0
negin-shahr,14,1050000000.0,6942244.224422442,9314235.54570343,175.0,2.0
oshnavieh,14,2075000000.0,10340909.09090909,12407894.857931959,207.5,2.0
arjmand,14,1550000000.0,5583333.333333334,5504264.517637405,379.0,1.0
sadegh-abad,14,960000000.0,11010040.160642572,13289836.089128496,125.0,2.0
arateh,13,1400000000.0,3571428.5714285714,3540071.80937874,505.0,
mazrae-katool,13,1100000000.0,4500000.0,8488733.683477512,208.0,2.0
masuleh,13,4500000000.0,11250000.0,27259948.291094836,150.0,2.0
daland,12,1420000000.0,17500000.0,14753059.35069493,129.5,2.5
alghajar,12,789500000.0,3458525.3456221195,6798123.991799294,200.0,2.0
faragi,10,675000000.0,2336943.6201780415,4771259.9816801455,257.5,2.0
gatab,10,1465000000.0,7887596.899224807,13957620.389934862,207.5,3.0
nokandeh,10,1425000000.0,5107142.857142857,10927267.883400608,214.0,2.0
khalil-shahr,9,800000000.0,2465753.4246575343,5222677.454989293,200.0,1.5
astaneh-sara,9,1300000000.0,14705882.352941176,14841438.42706842,85.0,2.0
boluk,8,675000000.0,3619047.6190476194,7401647.97036268,210.0,2.5
sijval,6,475000000.0,1434397.1631205673,1610539.7951142632,267.5,
tabaghdeh,6,1675000000.0,6942190.669371197,14739090.01148352,225.0,1.5
simin-shahr,6,1600000000.0,13055555.555555556,13463267.376966007,165.0,2.5
khour,5,350000000.0,257142.85714285713,17277750.038082294,700.0,3.0
inche-borun,4,1950000000.0,7437500.0,8635416.666666666,180.0,3.0
dozin,4,925000000.0,6750000.0,6672794.117647059,300.0,2.5
sangdovin,4,1075000000.0,4020895.5223880596,7304892.205638474,145.5,1.5
goli-dagh,3,1500000000.0,9230769.23076923,9743589.743589744,260.0,1.0
qasemabad-khaf,3,300000000.0,1415094.3396226414,3579176.745686179,130.0,2.0
maraveh-tapeh,2,530555555.5,1765432.098611111,1765432.098611111,330.0,5.0
yanghagh,1,4444444.0,54869.67901234568,54869.67901234568,81.0,3.0
anbaralum,1,850000000.0,8500000.0,8500000.0,100.0,2.0
tatar-olya,1,1200000000.0,3703703.703703704,3703703.703703704,324.0,
