neighborhood_slug,listings,median_price_per_sqm,ci95_low,ci95_high,ci95_width,relative_ci_width_pct,stabilized_price_per_sqm,uncertainty_rank,price_rank_stabilized
zafaraniyeh,795,234375000.0,225743905.50389546,240740740.74074075,14996835.236845285,6.398649701053988,190388814.4700756,81.0,1.0
elahiyeh,642,225543478.26086956,220000000.0,230404842.4208618,10404842.42086181,4.613231338406201,178040866.36631513,53.0,2.0
velenjak,531,233081632.6530612,228395061.72839507,246478873.23943663,18083811.51104155,7.7585742407935925,175911745.27588782,92.0,3.0
niavaran,878,196739803.59196675,191239395.54612938,200000000.0,8760604.453870624,4.4528886854232566,167755348.12112314,49.0,4.0
farmaniyeh,638,206057142.85714287,200000000.0,212196368.44636846,12196368.446368456,5.91892534141564,166017018.20262694,77.0,5.0
darrous,706,194270729.76734936,189170237.31048122,200000000.0,10829762.68951878,5.574572506361642,161161752.51622295,74.0,6.0
saadat-abad,1590,168576479.83237296,166666666.66666666,171428571.42857143,4761904.761904776,2.8247741124027868,155815073.6877926,19.0,7.0
qeytariyeh,950,169361147.32724902,166003752.34521574,172976359.6452426,6972607.300026864,4.117005234119018,149709525.37900352,47.0,8.0
shahrak-e-gharb,480,186881720.43010753,177777777.7777778,200000000.0,22222222.22222221,11.891062523973908,147368826.96665686,100.0,9.0
pasdaran,927,163809523.80952382,160000000.0,167407407.4074074,7407407.407407403,4.5219638242894025,145294892.10765973,50.0,10.0
aghdasieh,261,212500000.0,195171624.7139588,222727272.72727272,27555648.01331392,12.967363770971257,141574733.9467407,101.0,11.0
gisha,679,155714285.7142857,153295289.85507247,157894736.84210527,4599446.987032801,2.953773294424735,135067700.4344526,20.0,12.0
yousef-abad,925,145833333.33333334,143076923.07692307,150000000.0,6923076.923076928,4.74725274725275,132023134.14980994,57.0,13.0
ekhtiyariyeh,619,148275862.06896552,145076612.9032258,150897058.8235294,5820445.920303583,3.925417016018695,128812773.28776376,43.0,14.0
mirdamad,643,147222222.2222222,142583741.83006534,153333333.33333334,10749591.503268003,7.301609322974493,128628276.20193668,86.0,15.0
heravi,1051,138695652.17391303,135135135.13513514,140000000.0,4864864.864864856,3.5075828179276396,127847455.47180772,34.0,16.0
marzdaran,798,138668890.93419236,136179965.41501978,140430402.93040293,4250437.515383154,3.065170195527323,125215572.37973724,22.0,17.0
zafar,442,140967365.96736598,137500000.0,144827586.20689654,7327586.2068965435,5.198072728827808,119673265.63943993,66.0,18.0
jordan,450,138944444.44444445,135818907.10382515,142527972.027972,6709064.924146861,4.828595307262835,118720739.18189484,58.0,19.0
niloufar,378,140140845.07042253,135611943.06930694,143273475.60975608,7661532.540449142,5.467023219817981,117071703.24777348,70.0,20.0
amir-abad,325,140000000.0,137209302.3255814,141891891.8918919,4682589.566310495,3.3447068330789254,114893624.02314351,29.0,21.0
vanak,269,145000000.0,140000000.0,150232558.1395349,10232558.13953489,7.056936647955098,114495486.14391305,84.0,22.0
amaniyeh,266,145129734.25402802,140985901.409859,151851851.85185185,10865950.44199285,7.487060110627378,114379892.74644576,89.0,23.0
poonak,2767,114606741.5730337,113333333.33333333,115789473.68421052,2456140.3508771956,2.143102855177161,112171223.0591967,7.0,24.0
seyed-khandan,382,125000000.0,121608550.27465966,129871621.62162161,8263071.346961945,6.610457077569556,108742059.2166512,82.0,25.0
north-sohrevardi,619,115217391.30434783,112903225.80645162,118484375.0,5581149.193548381,4.844016281192935,106453326.84459768,59.0,26.0
south-janat-abad,1483,109259259.25925925,108108108.1081081,110326086.95652173,2217978.8484136313,2.0300145392260354,105798257.15741426,5.0,27.0
aboozar,474,116447026.18345761,114375000.0,118892652.21275425,4517652.21275425,3.8795771440628033,105441071.8616558,41.0,28.0
central-janat-abad,1321,105882352.94117647,105000000.0,107142857.14285715,2142857.1428571492,2.02380952380953,102600088.4019246,4.0,29.0
sazamn-barnameh,1667,104375000.0,103508771.92982456,105338676.84478371,1829904.9149591476,1.7532023137333148,101887797.22480972,1.0,30.0
shams-abad,649,105882352.94117647,104819277.10843374,108280254.77707006,3460977.668636322,3.2687011314898595,100074409.20388496,27.0,31.0
kooy-e-ferdos,1377,101818181.81818181,101004797.97979797,102941176.47058824,1936378.4907902628,1.9018003034547224,99263799.46985473,2.0,32.0
north-janat-abad,697,103406593.40659341,101612903.22580644,105044491.52542374,3431588.2996172905,3.318539163285584,98548449.77415152,28.0,33.0
shahrak-naft-district5,252,112250000.0,109624066.00249067,115533625.73099415,5909559.728503481,5.2646411835220315,98388434.56811751,67.0,34.0
shahin,260,111506935.68726355,110040254.23728813,114285714.28571428,4245460.048426151,3.807350656943102,98244719.53081182,38.0,35.0
haft-hoz,356,106966490.29982364,103699339.38043451,110055851.06382978,6356511.6833952665,5.942526173924346,97778756.90975893,78.0,36.0
bagh-feyz,824,100000000.0,99383134.71940501,101405952.38095239,2022817.6615473777,2.0228176615473776,96501688.62792112,3.0,37.0
south-shahran,754,100000000.0,99421202.95698924,102062074.82993197,2640871.872942731,2.6408718729427307,96249871.43184596,13.0,38.0
daryan-no,253,107843137.25490196,104561597.28122345,111015151.5151515,6453554.233928055,5.984204835096923,96240079.9267128,79.0,39.0
sattarkhan,563,100757575.75757575,99125000.0,103095394.73684211,3970394.7368421108,3.940542144835779,95865712.53491066,44.0,40.0
north-shahran,781,97500000.0,96400000.0,99152542.37288135,2752542.372881353,2.823120382442413,94428549.51927362,18.0,41.0
eram,281,103174603.17460318,100000000.0,105714285.71428572,5714285.714285716,5.53846153846154,94407312.18930334,72.0,42.0
sadeghiyeh,418,99179445.78911924,94827586.20689656,102325268.8172043,7497682.610307738,7.559714163204462,93746424.2920244,90.0,43.0
west-tehranpars,1514,95000000.0,93750000.0,96748655.91397849,2998655.9139784873,3.156479909451039,93558575.19253404,24.0,44.0
shahrak-e-parvaz,330,100000000.0,98701298.7012987,102623015.87301588,3921717.171717182,3.921717171717182,93351281.56716052,42.0,45.0
west-shahrak-e-golestan,1157,95161290.32258065,93513529.4117647,99266528.92561984,5752999.513855144,6.045524912864727,93317883.67094149,80.0,46.0
shadman,286,100977403.1563845,98986370.7165109,104304800.72463767,5318430.0081267655,5.26695066607137,93304151.9381526,68.0,47.0
narmak,728,95571895.4248366,93836182.33618234,97493032.24493948,3656849.9087571353,3.8262816620950018,92790701.22040312,39.0,48.0
almahdi,254,99206349.20634921,96069140.625,100956912.87878788,4887772.253787875,4.926874431818178,91871821.11299811,60.0,49.0
sazman-ab,418,96091163.73822257,93821424.66950727,98297180.00339225,4475755.333884984,4.657821967978357,91761924.81622715,56.0,50.0
niroo-havayi,380,95000000.0,92081376.26262626,98735719.72581874,6654343.463192478,7.004572066518398,90803218.603131,83.0,51.0
dehkade-olympic,270,96463937.62183237,85644536.71328671,105358422.93906811,19713886.225781396,20.436534845867225,90640863.87225504,103.0,52.0
tarasht,334,94117647.05882353,90400633.04275633,95267628.20512821,4866995.162371874,5.171182360020117,89924118.57690576,65.0,53.0
kuhak,385,91600000.0,90000000.0,93103448.27586207,3103448.275862068,3.3880439692817337,88685404.39330257,30.0,54.0
hakimiyeh,340,86459876.54320988,85000000.0,88329380.67571527,3329380.6757152677,3.850781204911101,85288449.56081972,40.0,55.0
parastar,270,84000000.0,79887096.77419354,89057231.29610115,9170134.521907613,10.916826811794778,83715662.6441673,97.0,56.0
majidiyeh,269,83076923.07692307,80000000.0,85903614.45783132,5903614.457831323,7.106202588130296,83186169.84368704,85.0,57.0
tehran-kerman,411,81052631.57894737,78823863.63636363,83333333.33333333,4509469.696969703,5.56363144431327,81792222.32360882,73.0,58.0
moniriyeh,308,75440767.08939067,72646008.2486375,78355786.89528474,5709778.646647245,7.5685585750760715,78454697.69132483,91.0,59.0
dr-hoshyar,826,76086956.52173913,75000000.0,77249258.89328063,2249258.8932806253,2.956168831168822,77448263.14313309,21.0,60.0
abouzar,431,72641509.43396227,70833333.33333333,74705882.35294117,3872549.019607842,5.331041507512094,75872824.65498461,69.0,61.0
tehran-zanjan,522,71698113.20754717,70787861.84210525,72673296.81318203,1885434.9710767716,2.6296856175544443,74747973.71937917,12.0,62.0
azarbaijan,799,71428571.42857143,70666666.66666667,72580645.16129032,1913978.4946236461,2.6795698924731046,73667295.30234963,14.0,63.0
khaje-nezam-molk,306,67809343.43434343,65957446.80851064,69090909.0909091,3133462.282398455,4.620988972459876,73565904.77940476,54.0,64.0
nezam-abad,331,67777777.77777778,66923076.92307692,69230769.23076923,2307692.3076923117,3.404791929382099,73262962.1106477,31.0,65.0
chitgar-lake,1732,71587318.8800523,69580077.7261977,73189472.59136213,3609394.865164429,5.041947263330435,72722131.57227135,62.0,66.0
azad-shahr,458,67543859.6491228,65932789.55557716,69029829.54545455,3097039.989877388,4.585228036961328,71997303.72195268,52.0,67.0
sabalan,532,67964957.52427185,66880434.782608695,68750000.0,1869565.2173913047,2.75077817377233,71857910.81814182,16.0,68.0
south-deylaman,360,65849906.19136961,65000000.0,67916176.47058824,2916176.470588237,4.428520311195881,71627183.20395248,48.0,69.0
vahidiyeh,363,65581395.34883721,64146341.46341463,66205357.142857134,2059015.6794425026,3.1396338374477875,71406726.74318086,23.0,70.0
charsad-dastgah,274,63339970.13439523,61326754.385964915,65964459.869085796,4637705.483120881,7.321925591819135,71112881.4059026,87.0,71.0
ostad-moein,1136,68965517.2413793,67973788.69463868,70161290.32258065,2187501.627941966,3.1718773605158512,70947223.54059047,25.0,72.0
pirouzi,673,67164179.10447761,65846291.866028704,69542868.85245901,3696576.9864303097,5.503792402018461,70566662.32309408,71.0,73.0
ahang,350,64142857.14285714,60585127.591706544,66666666.666666664,6081539.07496012,9.481241319536936,70547724.64717723,96.0,74.0
tehransar,1091,68115942.0289855,67000000.0,69491525.42372881,2491525.4237288088,3.6577713667508047,70277287.86260103,37.0,75.0
east-tehranpars,934,67741935.48387097,65560226.048291735,69000000.0,3439773.9517082646,5.0777615477598195,70262527.04376163,63.0,76.0
abshar-tehran,271,60256410.256410256,46666666.666666664,67001876.17260788,20335209.505941212,33.747794499221584,69150849.90452564,104.0,77.0
nazi-abad,363,61764705.88235294,60000000.0,65000000.0,5000000.0,8.095238095238095,68698838.16773738,93.0,78.0
shaharak-e-shariyati,303,60000000.0,58823529.4117647,61818181.81818182,2994652.4064171165,4.991087344028528,68371938.28754634,61.0,79.0
hashemi,580,63824404.76190476,62900142.31499051,64662311.88375713,1762169.5687666163,2.760965143882411,68341936.57939944,17.0,80.0
sarsabil,1969,64285714.28571428,63541666.666666664,64924242.42424242,1382575.7575757578,2.1506734006734014,65842566.961555794,8.0,81.0
afsariyeh,693,60937500.0,59375000.0,62500000.0,3125000.0,5.128205128205128,65362552.70444297,64.0,82.0
dolat-abad,300,55223880.59701493,53965416.666666664,57046271.92982455,3080855.2631578892,5.578846017069691,65103397.6581782,75.0,83.0
jeyhoun,2195,63000000.0,62121212.121212125,63636363.63636363,1515151.5151515082,2.405002405002394,64488884.85448182,9.0,84.0
vardavard,276,53038461.538461536,50000000.0,55000000.0,5000000.0,9.427121102248007,64126802.95551545,95.0,85.0
shahrak-e-kianshahr,254,51677192.98245614,48790322.58064516,53118000.60864273,4327678.027997568,8.374444853200075,63784821.79744846,94.0,86.0
haftchenar,530,56250000.0,55218095.23809524,57170787.54578754,1952692.3076923043,3.4714529914529857,62645317.75121562,32.0,87.0
jey,584,56577748.86141835,56075293.75386519,57500000.0,1424706.2461348101,2.5181387998035913,62452087.87767857,11.0,88.0
soleymani,514,54366895.49961861,53370155.03875969,54693877.551020406,1323722.5122607127,2.4347951084865582,61276069.25515549,10.0,89.0
moshiriyeh,309,49000000.0,47777777.777777776,50000000.0,2222222.222222224,4.535147392290253,60369006.20596545,51.0,90.0
khalij-e-fars,322,49092244.41833137,48000000.0,50000000.0,2000000.0,4.073963257734427,60125833.84702203,46.0,91.0
beryanak,901,55555555.55555555,55000000.0,56521739.13043478,1521739.1304347813,2.7391304347826066,59801903.50742505,15.0,92.0
javadiyeh,309,48000000.0,47017592.59259259,49242581.09040718,2224988.4978145882,4.635392703780393,59618052.63529908,55.0,93.0
amiriyeh,448,51045751.63398693,48585924.71358429,54385964.9122807,5800040.198696412,11.362434704232408,59382280.46625771,98.0,94.0
shahid-navab-safavi,398,50000000.0,49000000.0,51033964.64646464,2033964.6464646384,4.067929292929277,59315324.48583831,45.0,95.0
zahir-abad,280,46026315.78947368,44541160.59379217,50000000.0,5458839.40620783,11.860257143276016,58942439.308415465,99.0,96.0
masoudieh,432,49878048.780487806,48764071.2945591,50500645.8136514,1736574.519092299,3.4816408451239247,58674631.78087778,33.0,97.0
shahrak-e-vali-e-asr,476,50422413.79310345,48854166.666666664,52551307.76636714,3697141.0997004732,7.332336597114974,58503035.68169247,88.0,98.0
gomrok,438,49212549.603174604,48203448.27586207,50000000.0,1796551.724137932,3.6505967250720133,58047310.19692776,35.0,99.0
fallah,507,49210526.315789476,48787466.94093447,49807692.307692304,1020225.3667578325,2.0731852372619057,57117750.05783495,6.0,100.0
chitgar,894,41176470.5882353,38207194.36525239,45000000.0,6792805.6347476095,16.496813684387053,46840511.57828224,102.0,101.0
mobarak-abad-e-beheshti,281,30714285.714285713,30000000.0,31000000.0,1000000.0,3.255813953488372,46513700.42494047,26.0,102.0
shahr-e-ziba,1297,32500000.0,31506849.315068495,33333333.333333332,1826484.0182648376,5.619950825430269,36856776.41021599,76.0,103.0
andisheh,1325,30434782.608695652,30000000.0,31111111.111111112,1111111.111111112,3.650793650793654,34732856.78780323,36.0,104.0
